Name,Phone Number,Email,Relationship
Haywood Kauble,996-913-6340,hkauble0@hexun.com,M-Class
Gwendolyn Drayton,863-125-3036,gdrayton1@123-reg.co.uk,Legacy
Francesca Savege,679-297-6278,fsavege2@globo.com,LeSabre
Cristine Kurth,877-543-1372,ckurth3@shinystat.com,Taurus
Nathaniel Zienkiewicz,150-890-6564,nzienkiewicz4@reddit.com,Grand Prix
Nanette de Najera,265-702-6906,nde5@myspace.com,Explorer
Zared Thirst,428-663-2255,zthirst6@dailymail.co.uk,G5
Thurstan Huddlestone,749-950-7242,thuddlestone7@google.it,Sprinter 2500
Giralda Pritchitt,139-538-5106,gpritchitt8@ask.com,Elantra
Sholom Georger,933-278-1184,sgeorger9@parallels.com,Mirage
Odelia Stannis,419-855-9447,ostannisa@google.cn,Grand Voyager
Ernst Ramsdell,294-954-2248,eramsdellb@ihg.com,Cordia
Gusti Bycraft,648-507-2149,gbycraftc@mediafire.com,FJ Cruiser
Justino Mein,788-111-4727,jmeind@cafepress.com,Five Hundred
Cordelie Harwick,210-411-9406,charwicke@cisco.com,Typ-1
Rafaellle Simonds,117-330-5599,rsimondsf@oaic.gov.au,Golf
Stephannie Klazenga,360-597-0615,sklazengag@surveymonkey.com,Mazda6
Stormy Baytrop,843-193-3252,sbaytroph@ow.ly,350Z
Kristoffer Pfaffe,944-585-2120,kpfaffei@comsenz.com,Xtra
Alyss Pether,336-467-8202,apetherj@tumblr.com,200SX
Cosetta Coonihan,299-441-1798,ccoonihank@unblog.fr,Durango
Zacharie Livingstone,585-430-1234,zlivingstonel@ning.com,3500
Marget Matieu,794-204-6468,mmatieum@dmoz.org,Montero
Annadiane Sangra,166-127-5435,asangran@umich.edu,FR-S
Martin Barrow,855-952-3063,mbarrowo@hp.com,Express
Harris Covert,158-316-4505,hcovertp@myspace.com,Electra
Joel Bradford,923-355-2281,jbradfordq@g.co,Durango
Sheila Trethewey,605-679-4420,stretheweyr@hatena.ne.jp,Mazdaspeed6
Jyoti Drabble,869-517-0352,jdrabbles@hostgator.com,Boxster
Cal Lovett,497-995-7109,clovettt@latimes.com,Cavalier
Indira Fakeley,156-203-6079,ifakeleyu@privacy.gov.au,88
Florida Linnane,898-521-7323,flinnanev@google.com.hk,Vibe
Silvan Isselee,391-627-1399,sisseleew@ft.com,TT
Masha Tottle,325-906-8981,mtottlex@themeforest.net,S10
Skye Tonry,605-242-3274,stonryy@home.pl,RX-8
Frederique Capelle,376-480-1777,fcapellez@shinystat.com,X6
Kakalina Siebert,435-324-6859,ksiebert10@webnode.com,350Z
Nappy Gostick,373-715-5135,ngostick11@webs.com,Z4
Anestassia McKiddin,999-826-8905,amckiddin12@csmonitor.com,tC
Merilee Klimes,522-170-2329,mklimes13@sciencedaily.com,Dakota
Aubrie Farmery,990-863-0156,afarmery14@plala.or.jp,Cutlass Supreme
Ursula Stonehewer,348-900-3595,ustonehewer15@jimdo.com,B-Series
Denver Varrow,684-451-1307,dvarrow16@1688.com,EXP
Carleton Pellatt,430-315-2916,cpellatt17@xinhuanet.com,H2 SUV
Kingsley McCosh,493-928-3922,kmccosh18@plala.or.jp,645
Elsi Hamblin,169-997-3416,ehamblin19@bluehost.com,M-Class
Warde Sherrett,332-181-0982,wsherrett1a@e-recht24.de,IS F
Mitzi Cridlan,642-736-5936,mcridlan1b@infoseek.co.jp,Expedition
Georgetta Shorto,493-968-0733,gshorto1c@cocolog-nifty.com,911
Crosby Chetwynd,938-642-5335,cchetwynd1d@pcworld.com,Safari
Jeromy Rea,487-113-3573,jrea1e@nbcnews.com,Cavalier
Zeb Easlea,493-381-1945,zeaslea1f@youtube.com,Galant
Upton Waiton,892-928-2480,uwaiton1g@who.int,Odyssey
Brnaba Bristoe,890-313-4429,bbristoe1h@hud.gov,Swift
Gelya Leftly,939-385-8824,gleftly1i@vistaprint.com,3 Series
Jonas Norley,950-280-9181,jnorley1j@fc2.com,Firebird
Sukey Hawker,316-169-5844,shawker1k@epa.gov,911
Nealson Rowcliffe,604-337-4949,nrowcliffe1l@technorati.com,Paseo
Stefano Le Sarr,860-322-4715,sle1m@cbc.ca,Odyssey
Fidel Trail,816-856-7220,ftrail1n@hao123.com,Allroad
Evan Radbone,810-107-9485,eradbone1o@thetimes.co.uk,Avalanche 1500
Joline Caudrelier,507-391-2202,jcaudrelier1p@t-online.de,Z4
Miranda Foch,819-580-3231,mfoch1q@nature.com,Accord
Bartolemo Deackes,835-359-2541,bdeackes1r@baidu.com,Land Cruiser
Shanda Rosencwaig,497-810-5284,srosencwaig1s@google.ca,Escalade EXT
Corney Arrundale,548-392-2004,carrundale1t@hc360.com,Aerostar
Karoly Dewdney,403-957-6462,kdewdney1u@economist.com,Venture
Serena Dodds,389-391-7422,sdodds1v@icq.com,Mirage
Avis Cumesky,554-940-8311,acumesky1w@irs.gov,D150
Willabella McCrystal,426-468-0697,wmccrystal1x@lycos.com,E150
Ervin Gernier,415-502-3823,egernier1y@cyberchimps.com,Grand Prix
Muhammad Loveless,934-442-3110,mloveless1z@oaic.gov.au,Yukon XL 2500
Kathe Norsister,526-127-9709,knorsister20@sogou.com,Thunderbird
Dominique Forward,495-553-3972,dforward21@tripod.com,924 S
Parry De Biasio,683-676-3654,pde22@artisteer.com,Miata MX-5
Tami Dishman,598-319-5299,tdishman23@fastcompany.com,Eurovan
Selma Subhan,390-730-6235,ssubhan24@vinaora.com,F450
Archy Schlagh,429-989-5204,aschlagh25@cnn.com,RX-7
Lowell Cattlemull,455-381-9712,lcattlemull26@howstuffworks.com,Santa Fe
Franz Hunnicutt,454-521-8804,fhunnicutt27@army.mil,Sierra 2500
Alister Wraight,517-795-1515,awraight28@indiatimes.com,Caravan
Melisent Corson,271-362-6824,mcorson29@cbslocal.com,Supra
Mersey Spinetti,405-270-1147,mspinetti2a@csmonitor.com,X5
Simon Storie,646-114-9445,sstorie2b@blog.com,MX-5
Kaylil Aldis,756-317-0261,kaldis2c@engadget.com,Expedition
Whitman Cota,198-217-3299,wcota2d@hao123.com,Sierra 1500
Katina Nanetti,846-975-8728,knanetti2e@dailymotion.com,Tacoma Xtra
Rasla MacShane,586-971-6318,rmacshane2f@nhs.uk,Viper
Kaile Gulland,524-928-5699,kgulland2g@hao123.com,Blazer
Murielle Cluse,780-291-2086,mcluse2h@youku.com,LR3
Maude Boydon,471-642-7588,mboydon2i@ca.gov,TundraMax
Catina Bladge,585-958-6030,cbladge2j@ycombinator.com,3000GT
Gwenore Godfery,468-670-7761,ggodfery2k@illinois.edu,Mustang
Kori Burnand,276-468-5777,kburnand2l@ebay.com,Tahoe
Kerr Barron,194-720-3183,kbarron2m@bravesites.com,Mazdaspeed 3
Robina Bygott,521-531-6095,rbygott2n@livejournal.com,Accent
Morissa Gabe,507-456-1067,mgabe2o@etsy.com,F250
Ardis Dunnett,549-920-5334,adunnett2p@artisteer.com,Xterra
Tiena Shelmardine,388-553-2953,tshelmardine2q@nationalgeographic.com,Camaro
Warner Laweles,191-285-0830,wlaweles2r@arstechnica.com,Express 1500
Barri Flageul,979-153-0593,bflageul2s@dagondesign.com,Taurus
Melania Withams,176-530-3418,mwithams2t@blogtalkradio.com,Sedona
Arly Doge,786-692-3623,adoge2u@youtu.be,Explorer
Guthrie Edelman,904-134-8865,gedelman2v@wired.com,Astro
Inessa Jerzyk,446-236-5128,ijerzyk2w@alibaba.com,Elantra
Karola Grasner,619-640-8553,kgrasner2x@hibu.com,Firefly
Darcie Laxston,440-795-6171,dlaxston2y@gravatar.com,Ranger
Luelle Hyne,120-232-3388,lhyne2z@jugem.jp,Charger
Fannie Beves,718-955-7094,fbeves30@networksolutions.com,Navigator
Addison Rangall,363-694-1770,arangall31@ucoz.com,Sunfire
Thibaud Wincott,931-268-7798,twincott32@who.int,Accent
Karlan Hitter,956-304-7496,khitter33@ftc.gov,Dakota
Wilhelmine Jados,820-704-8406,wjados34@360.cn,LeSabre
Kayla McSweeney,544-980-8916,kmcsweeney35@state.tx.us,QX56
Melosa Rafferty,854-439-8471,mrafferty36@tmall.com,xA
Maridel Geeves,689-566-1005,mgeeves37@joomla.org,S80
Aline Mebs,315-229-2308,amebs38@engadget.com,LR2
Lilla Dearlove,378-824-0648,ldearlove39@disqus.com,Altima
Joyan Banting,834-257-8950,jbanting3a@netlog.com,Type 2
Uta Archbold,246-135-3895,uarchbold3b@jimdo.com,626
Cynthia Bisset,755-574-2058,cbisset3c@seattletimes.com,Sonata
Rosella Macauley,722-311-5388,rmacauley3d@home.pl,3500 Club Coupe
Tressa Jumonet,441-397-7755,tjumonet3e@toplist.cz,Ram
Abbe Dyter,855-175-8149,adyter3f@apple.com,300SE
Corrie Bourdis,152-162-3949,cbourdis3g@ucoz.com,E-Class
Maritsa Monk,132-817-4674,mmonk3h@woothemes.com,MX-5
Keefe Bernardin,265-218-0608,kbernardin3i@comsenz.com,Passat
Antin Hambrook,251-922-6329,ahambrook3j@illinois.edu,VUE
Gabbi Voase,132-239-2983,gvoase3k@lulu.com,5-Sep
Thomasa Grew,213-412-5814,tgrew3l@sfgate.com,Skylark
Tan MacConneely,540-457-6890,tmacconneely3m@netscape.com,Ciera
Nelia Mark,857-520-4365,nmark3n@sohu.com,Continental Mark VII
Lowell Luckie,799-621-2497,lluckie3o@washington.edu,Cabriolet
Giacinta Curds,621-314-1856,gcurds3p@rediff.com,RX-7
Muire Despenser,490-712-3531,mdespenser3q@walmart.com,Suburban 1500
Everett Bazek,926-929-6708,ebazek3r@printfriendly.com,Taurus
Giovanni Ricarde,642-694-5621,gricarde3s@bigcartel.com,Yukon XL 2500
Vaughn Tarborn,837-591-1061,vtarborn3t@home.pl,Wrangler
Sasha Sherwill,342-665-9870,ssherwill3u@de.vu,Sable
Audrie Hughes,925-362-9941,ahughes3v@t-online.de,C-Class
Lanni Manketell,989-175-4032,lmanketell3w@cyberchimps.com,Supra
Kissee Sickling,240-601-6976,ksickling3x@g.co,GLI
Jackquelin Haisell,347-467-4367,jhaisell3y@huffingtonpost.com,Aerostar
Keeley Wordley,101-915-7000,kwordley3z@mapquest.com,Sentra
Purcell Polgreen,748-922-0926,ppolgreen40@usnews.com,Diamante
Sidoney Kornas,835-911-4694,skornas41@msu.edu,TSX
Adrian Paler,677-405-9720,apaler42@ustream.tv,Ranger
Binni Legen,657-471-4035,blegen43@uiuc.edu,LeMans
Zara Butterly,343-947-3663,zbutterly44@microsoft.com,XLR
Wiley Cloney,833-431-7260,wcloney45@over-blog.com,S10
Julie Errichiello,389-532-5909,jerrichiello46@cam.ac.uk,Raider
Alaster Lapham,457-671-3372,alapham47@ocn.ne.jp,Sentra
Gail Debnam,539-711-8104,gdebnam48@blogspot.com,A3
Rudolfo Forsdike,642-631-9990,rforsdike49@bluehost.com,GX
Jada Bastick,612-445-8882,jbastick4a@t-online.de,Lynx
Gayle McMeekin,583-722-0573,gmcmeekin4b@tinyurl.com,D150 Club
August Peckett,443-301-3211,apeckett4c@sun.com,Town Car
Gabbie Foort,999-682-8518,gfoort4d@ehow.com,FJ Cruiser
Mylo Burland,865-952-2868,mburland4e@vimeo.com,Dakota
Etty MacArthur,150-762-0684,emacarthur4f@hostgator.com,Amigo
Bebe Alsop,896-706-9751,balsop4g@ebay.co.uk,X3
Cullie Luttgert,104-584-0996,cluttgert4h@delicious.com,Avalanche
Wyatt Roumier,133-693-9461,wroumier4i@ask.com,Canyon
Thorpe Jenkin,686-691-4936,tjenkin4j@latimes.com,Spyder
Gardiner Fury,754-741-7368,gfury4k@msu.edu,Boxster
Clarine Chalcroft,503-109-5501,cchalcroft4l@netscape.com,XC70
Ferrel Inglis,856-113-1607,finglis4m@usgs.gov,Marauder
Radcliffe Benck,321-301-2714,rbenck4n@nifty.com,911
Marsiella Craster,998-245-8827,mcraster4o@amazonaws.com,Daewoo Lacetti
Torrie Luttger,918-589-9217,tluttger4p@opera.com,Ranger
Keen Hastings,936-762-7243,khastings4q@berkeley.edu,960
Cyndy Stanway,419-791-3064,cstanway4r@twitter.com,SLK-Class
Barbette Dewbury,309-187-6324,bdewbury4s@arstechnica.com,Quest
Melania Boles,484-429-9644,mboles4t@mlb.com,Titan
Consalve Deetch,527-633-3177,cdeetch4u@hugedomains.com,MPV
Shadow Allbut,528-479-0136,sallbut4v@ow.ly,Mustang
Harley Baudinot,512-664-7269,hbaudinot4w@alibaba.com,Tucson
Ozzy Corington,922-480-8311,ocorington4x@ning.com,900
Dallas Bevans,193-587-6515,dbevans4y@gnu.org,Hearse
Gerianne Lingley,974-148-4336,glingley4z@shop-pro.jp,Town Car
Sibylle Holley,305-736-8903,sholley50@epa.gov,Prelude
Byran Oldfield-Cherry,873-397-5168,boldfieldcherry51@senate.gov,CR-V
Rosemaria O'Mohun,956-117-7022,romohun52@wordpress.com,Prius
Aurilia Linton,315-820-3937,alinton53@berkeley.edu,Safari
Jaquenette Paolucci,966-363-1383,jpaolucci54@techcrunch.com,Lucerne
Ebenezer Maypole,724-102-4580,emaypole55@360.cn,Altima
Constanta Kaming,462-562-5579,ckaming56@surveymonkey.com,Express 3500
Flossy Baser,156-748-5840,fbaser57@examiner.com,Quest
Melanie Matis,969-166-4631,mmatis58@msn.com,E-Class
Reggie Stemson,652-622-3416,rstemson59@army.mil,2500
Fred Moulsdall,857-630-7452,fmoulsdall5a@webeden.co.uk,Suburban 2500
Bert Clowney,212-981-3034,bclowney5b@tinypic.com,80
Newton Coucher,267-566-9256,ncoucher5c@photobucket.com,S40
Merridie Fairpool,770-408-8672,mfairpool5d@domainmarket.com,Nubira
Jacinta Lamprecht,241-387-7628,jlamprecht5e@ovh.net,Sienna
Janek Stendall,143-883-3611,jstendall5f@mozilla.org,Range Rover Sport
Harriet Coger,940-511-8209,hcoger5g@dell.com,DeVille
Corene Sokell,522-352-6749,csokell5h@craigslist.org,Probe
Darnell Golt,892-308-2649,dgolt5i@yale.edu,Armada
Juieta Elph,669-551-7943,jelph5j@ovh.net,C-Class
Niels Prisley,713-727-9854,nprisley5k@noaa.gov,Grand Vitara
Sheena Droogan,730-492-9535,sdroogan5l@uol.com.br,W126
Boyd Brachell,689-594-7400,bbrachell5m@netlog.com,MR2
Stesha Grenfell,226-130-3173,sgrenfell5n@cnn.com,Thunderbird
Kingsly Bassilashvili,717-746-9720,kbassilashvili5o@deviantart.com,Altima
Lorraine Spittall,458-766-4780,lspittall5p@free.fr,XC70
Matthus Hayton,356-287-3755,mhayton5q@princeton.edu,Sable
Piotr Langham,319-839-1662,plangham5r@npr.org,Rocky
Frants Mechi,674-530-4467,fmechi5s@hibu.com,Silverado 3500
Rebekkah McCunn,725-237-4082,rmccunn5t@dot.gov,Cavalier
Nona Yurlov,625-694-8101,nyurlov5u@boston.com,S4
Fleur Kobpac,567-669-8041,fkobpac5v@miitbeian.gov.cn,Bonneville
Seward Laffoley-Lane,228-540-6292,slaffoleylane5w@cbsnews.com,Econoline E150
Horace Ridges,636-976-3764,hridges5x@trellian.com,Continental GT
Nichole Le Port,112-656-8808,nle5y@washingtonpost.com,Savana 3500
Edgar Dran,390-337-1866,edran5z@sphinn.com,QX
Andriette Garratty,453-183-7437,agarratty60@census.gov,E-Class
Marchall McIlveen,346-884-0967,mmcilveen61@java.com,Talon
Dahlia Pipet,208-491-9854,dpipet62@chicagotribune.com,Pajero
Harwell Noyes,542-755-3771,hnoyes63@abc.net.au,Supra
Marcia Ide,349-893-1776,mide64@yolasite.com,Flex
Birdie Malmar,504-392-8752,bmalmar65@google.es,Grand Caravan
Delaney Clerc,352-420-0757,dclerc66@smh.com.au,Ram
Beniamino Petchey,334-392-3026,bpetchey67@tamu.edu,Focus
Tabbatha Tweddell,442-721-6579,ttweddell68@amazon.co.jp,Santa Fe
Jordan Rolles,665-478-9831,jrolles69@apple.com,Defender
Erminia Rimington,371-226-1919,erimington6a@usa.gov,SC
Gretna Blasik,411-671-9144,gblasik6b@canalblog.com,Ranger
Raimundo Syrie,170-125-0035,rsyrie6c@cbsnews.com,Mark VIII
Michale Colcomb,111-533-9089,mcolcomb6d@php.net,A4
Bartel Vido,466-283-9164,bvido6e@meetup.com,Galant
Roseanne Ioan,342-181-1785,rioan6f@sun.com,Caravan
Markus Grollmann,744-867-6243,mgrollmann6g@microsoft.com,Corvette
Averill Jagielski,544-744-1651,ajagielski6h@lulu.com,8 Series
Ysabel Rewan,539-599-8707,yrewan6i@marriott.com,Suburban 2500
Marshall Pignon,680-763-0240,mpignon6j@oracle.com,900
Halli Pendered,805-188-7132,hpendered6k@shop-pro.jp,Legend
Bobbye Penhaleurack,194-412-5533,bpenhaleurack6l@ovh.net,D150 Club
Jedediah Fleckno,218-431-4984,jfleckno6m@yelp.com,Range Rover
Glenna Last,296-655-3180,glast6n@digg.com,190E
Tabby Benes,156-101-0625,tbenes6o@prnewswire.com,Laser
Fairfax Beardwood,139-124-6668,fbeardwood6p@oakley.com,Firebird
Carena MacFaell,466-606-4886,cmacfaell6q@furl.net,200
Gwenneth Pauler,736-582-4054,gpauler6r@oakley.com,LTD Crown Victoria
Maybelle Georgeson,369-819-3834,mgeorgeson6s@addtoany.com,XJ Series
Aksel Scott,548-936-7817,ascott6t@twitpic.com,745
Lanny Anniwell,102-167-2189,lanniwell6u@deliciousdays.com,Thunderbird
Lana Perillo,613-685-0807,lperillo6v@ask.com,M5
Dulcie Cloughton,781-893-4077,dcloughton6w@nhs.uk,Aerostar
Halley Hodgin,799-406-9283,hhodgin6x@photobucket.com,Tempo
Erhard Casburn,767-368-7536,ecasburn6y@vkontakte.ru,Montero Sport
Alis Laxe,282-558-8070,alaxe6z@istockphoto.com,Eos
Peria Capel,718-687-1861,pcapel70@cbc.ca,Pajero
Emmalynn Boak,663-133-9620,eboak71@yellowpages.com,Q7
Faunie Kevern,372-473-5179,fkevern72@1und1.de,XK Series
Gustav List,607-843-3214,glist73@craigslist.org,XC90
Lee Trahearn,686-535-5372,ltrahearn74@yellowpages.com,Rogue
Hoyt Camoletto,714-722-7250,hcamoletto75@howstuffworks.com,Eurovan
Cristi Moisey,723-785-1429,cmoisey76@angelfire.com,Club Wagon
Lorens Brithman,398-785-5436,lbrithman77@linkedin.com,CTS-V
Stacee Murphey,744-722-7514,smurphey78@wikia.com,Lancer Evolution
Cassey Thornborrow,200-964-8915,cthornborrow79@icio.us,1500 Club Coupe
Trula Huggons,876-140-1969,thuggons7a@about.com,Impala
Beatriz McCarrison,293-346-8669,bmccarrison7b@nyu.edu,Silverado
Sanson Ianinotti,850-976-7156,sianinotti7c@miibeian.gov.cn,S-Class
Starlin Villar,657-970-2390,svillar7d@imgur.com,VS Commodore
Rowan Yerson,152-313-0342,ryerson7e@csmonitor.com,Escalade EXT
Merry Simcox,941-215-0285,msimcox7f@ibm.com,Santa Fe
Renato Dreier,427-672-5552,rdreier7g@artisteer.com,C70
Verne Davys,332-802-4029,vdavys7h@hatena.ne.jp,M3
Mignonne Duling,192-278-9658,mduling7i@ycombinator.com,Avenger
Luigi Lavielle,963-178-5798,llavielle7j@home.pl,Cougar
Pepillo Moors,274-715-8253,pmoors7k@illinois.edu,Titan
Juliane Gayforth,620-788-7445,jgayforth7l@friendfeed.com,HS
Lucine Kornilov,632-648-1631,lkornilov7m@example.com,Elise
Harv Pereira,152-878-1441,hpereira7n@dailymotion.com,MPV
Trudy Shane,628-863-0632,tshane7o@facebook.com,Legacy
Erv Hedditch,173-847-5339,ehedditch7p@devhub.com,Tempo
Jean Boteman,742-827-0327,jboteman7q@uiuc.edu,Cougar
Keith Colleford,432-451-6983,kcolleford7r@desdev.cn,Durango
Winfred Risson,660-861-0630,wrisson7s@flavors.me,Discovery
Kathie Rocco,261-562-7543,krocco7t@twitpic.com,New Beetle
Ingelbert Orrey,206-455-8561,iorrey7u@cafepress.com,Electra
Angie Jugging,608-506-8204,ajugging7v@gravatar.com,G-Series G20
Cassaundra Wellings,142-663-5369,cwellings7w@naver.com,Corolla
Ibrahim Foulds,705-783-2209,ifoulds7x@imgur.com,Avalanche 2500
Pepito Wellum,469-337-6651,pwellum7y@goo.gl,X-Type
Siobhan Jelks,753-494-4711,sjelks7z@networkadvertising.org,Topaz
Maura Langan,105-413-3572,mlangan80@forbes.com,LeMans
Paolo Broy,676-210-9265,pbroy81@so-net.ne.jp,Prelude
Andree Adriaan,522-116-9335,aadriaan82@cornell.edu,RAV4
Marjorie Blumire,903-417-2788,mblumire83@google.com.hk,F350
Hedi Reyburn,599-699-0926,hreyburn84@nba.com,Cabriolet
Elsinore Kebbell,225-751-0259,ekebbell85@alexa.com,CT
Asher Crummay,442-240-6654,acrummay86@usda.gov,Sedona
Tabby Rickson,784-859-3887,trickson87@jimdo.com,Talon
Thane Burney,191-569-6260,tburney88@house.gov,Jimmy
Tyson Torns,445-413-8533,ttorns89@cam.ac.uk,Maxima
Augusta Ell,341-704-7981,aell8a@adobe.com,300SD
Milzie Shemelt,406-183-4073,mshemelt8b@smh.com.au,Grand Am
Arlene O'Sheilds,579-592-4088,aosheilds8c@fda.gov,968
Lilly Fripps,305-223-4575,lfripps8d@chron.com,Escalade EXT
Robena Zuanazzi,240-669-3176,rzuanazzi8e@ftc.gov,3500
Fielding Foxcroft,515-488-7965,ffoxcroft8f@joomla.org,Sierra Hybrid
Nerte Bynold,924-554-1140,nbynold8g@independent.co.uk,Cooper
Regina Clohessy,827-183-5604,rclohessy8h@bloglines.com,CR-V
Tomlin Alldritt,592-311-1680,talldritt8i@google.it,M
Doloritas Lichfield,532-252-8518,dlichfield8j@elpais.com,Camry Solara
Boone Taplow,231-872-8391,btaplow8k@ucla.edu,A8
Richart Drever,493-549-6141,rdrever8l@g.co,Charger
Mala Newson,469-411-3714,mnewson8m@marketwatch.com,Viper
Cherey Shanks,970-411-1648,cshanks8n@ask.com,Protege
Grantley Anthes,919-269-9889,ganthes8o@diigo.com,Envoy XL
Hirsch Kienlein,371-184-3307,hkienlein8p@de.vu,Express 1500
Bartolomeo Onge,442-864-2506,bonge8q@meetup.com,S-Type
Adamo Boone,127-718-6131,aboone8r@yelp.com,Aspen
Francklyn Ordidge,919-814-1634,fordidge8s@behance.net,9000
Cherin Pancoust,379-170-3574,cpancoust8t@chronoengine.com,Passat
Gradey Charrett,112-817-1536,gcharrett8u@blogger.com,1500
Van Oldford,264-773-6092,voldford8v@opera.com,HS
Enriqueta Gorusso,881-432-5002,egorusso8w@free.fr,Corvette
Micheal Lowde,115-663-4670,mlowde8x@sciencedirect.com,Mighty Max
Raf Coomes,676-255-3909,rcoomes8y@flickr.com,LS
Anneliese Houndsom,530-474-0744,ahoundsom8z@howstuffworks.com,New Beetle
Edith Gyles,597-818-1780,egyles90@mapquest.com,CX-7
Clemence Leithgoe,880-888-0737,cleithgoe91@indiegogo.com,Passat
Guss Acome,881-826-8244,gacome92@irs.gov,A8
Clemmie Beri,971-463-3089,cberi93@spotify.com,Ram 1500
Delphinia Amy,336-310-5673,damy94@sina.com.cn,S-Series
Alessandra Scarth,821-237-2367,ascarth95@ameblo.jp,Ranger
Roana Martinson,941-372-9377,rmartinson96@icio.us,MR2
Faustine Northedge,981-605-5270,fnorthedge97@vinaora.com,Town Car
Stacey Mcwhinnie,375-782-0799,smcwhinnie98@sfgate.com,Navigator L
Lauritz Loy,750-552-4419,lloy99@nba.com,Monza
Jimmy Pruvost,769-955-7793,jpruvost9a@list-manage.com,QX
Selina Birdsey,483-788-6401,sbirdsey9b@livejournal.com,Suburban 2500
Giorgia Carabet,348-478-8903,gcarabet9c@ft.com,Carrera GT
Charil Leversuch,320-142-6539,cleversuch9d@nifty.com,Edge
Alic Barnwall,445-298-6201,abarnwall9e@marketwatch.com,Tracer
Timofei Surmeyers,813-798-1503,tsurmeyers9f@surveymonkey.com,525
Noella Allsup,382-345-3946,nallsup9g@blogspot.com,CX-7
Griz Sapwell,178-529-3016,gsapwell9h@dedecms.com,Solara
Horatia MacIlhargy,450-838-3547,hmacilhargy9i@sogou.com,Elantra
Bryce Topping,334-969-2580,btopping9j@bloglines.com,PT Cruiser
Berna Flindall,822-494-8257,bflindall9k@webeden.co.uk,LTD Crown Victoria
Aguste McLucky,762-340-4646,amclucky9l@elegantthemes.com,S80
Bernhard Garford,587-695-4105,bgarford9m@instagram.com,Passat
Darell Kobes,615-405-2475,dkobes9n@time.com,3500
Gare Duinbleton,773-498-9067,gduinbleton9o@angelfire.com,F350
Karlotta Float,771-551-2050,kfloat9p@amazon.de,Soul
Davie Bartoshevich,772-382-0670,dbartoshevich9q@canalblog.com,Patriot
Charles Grief,698-472-4942,cgrief9r@china.com.cn,S4
Corty Nalder,186-445-1234,cnalder9s@google.co.uk,Metro
Albertine Colcutt,244-927-7981,acolcutt9t@uol.com.br,Yukon
Talbert O'Regan,163-532-3454,toregan9u@sohu.com,LeMans
Arlan Shulver,623-477-7437,ashulver9v@geocities.com,B-Series
Ganny Udie,374-654-8751,gudie9w@shareasale.com,Rabbit
Kermie Jirek,250-878-2060,kjirek9x@soundcloud.com,Legacy
Marty Toby,333-903-2184,mtoby9y@cam.ac.uk,Cavalier
Berget Dudin,647-869-8812,bdudin9z@vk.com,9000
Joletta Drummond,624-151-6099,jdrummonda0@loc.gov,Ranger
Taffy Hallas,432-808-7738,thallasa1@mlb.com,Impala
Tiffi Battye,719-504-0486,tbattyea2@cafepress.com,Miata MX-5
Milo Espina,360-294-2944,mespinaa3@facebook.com,Mustang
Nevin O' Sullivan,561-770-2557,noa4@issuu.com,Ram 1500
Gaven Arsey,263-912-7318,garseya5@auda.org.au,Diamante
Kayla Aasaf,620-786-6236,kaasafa6@cloudflare.com,Clubman
Salvatore Tidball,928-241-7545,stidballa7@dion.ne.jp,Silhouette
Trumann Floyd,360-274-9580,tfloyda8@mtv.com,Diamante
Iseabal Saphin,375-898-9082,isaphina9@harvard.edu,Optima
Meriel Rosenwasser,921-644-8539,mrosenwasseraa@ameblo.jp,S5
Nevins Blamey,995-354-0314,nblameyab@google.es,Bronco
Tedda Reith,505-547-3019,treithac@cbc.ca,SVX
Alberik Titford,683-560-3331,atitfordad@lulu.com,Soul
Una Alenichev,901-594-0397,ualenichevae@desdev.cn,Camry
Loralee Mochan,613-328-2390,lmochanaf@redcross.org,SRX
Renae Mugford,804-972-6724,rmugfordag@gov.uk,Wrangler
Carolynn Boseley,520-315-6584,cboseleyah@typepad.com,Ipsum
Tristam Barlee,528-119-1975,tbarleeai@yale.edu,TL
Heidie Kemble,170-464-8707,hkembleaj@yandex.ru,CL-Class
Yancey Blackwood,294-427-3709,yblackwoodak@opensource.org,Wrangler
Else Ditch,283-562-5875,editchal@geocities.com,Avalon
Norina Fidoe,950-955-8847,nfidoeam@yahoo.co.jp,B-Series
Sheila-kathryn Blazy,359-775-6111,sblazyan@typepad.com,Challenger
Gay Averall,935-973-1819,gaverallao@bloomberg.com,Familia
Fania Abbott,302-361-7280,fabbottap@theguardian.com,Mustang
Isaac Quarrie,864-834-7747,iquarrieaq@barnesandnoble.com,3500
Marcelline Kleen,469-696-2415,mkleenar@163.com,Continental Mark VII
Tito Weddeburn - Scrimgeour,517-175-7491,tweddeburnas@merriam-webster.com,Truck
Marlee Bettison,212-784-5914,mbettisonat@google.com.au,Ranger
Andrej Suttling,885-147-0987,asuttlingau@vistaprint.com,Excursion
Johnnie Dashkov,679-218-3909,jdashkovav@uol.com.br,Acadia
Heinrik Ebdin,948-697-3577,hebdinaw@ehow.com,X-Type
Lorita Schimaschke,391-727-9730,lschimaschkeax@examiner.com,Park Avenue
Melva Petto,685-842-8578,mpettoay@biblegateway.com,Town Car
Cosimo Cristou,970-943-2375,ccristouaz@cdc.gov,Supra
Judie Purtell,710-139-7615,jpurtellb0@skype.com,Tribeca
Sholom Kelleway,806-584-3113,skellewayb1@paypal.com,Imperial
Valeda O'Sesnane,183-975-2278,vosesnaneb2@nps.gov,Touareg
Bonnie Carreck,793-965-6950,bcarreckb3@nsw.gov.au,Savana 2500
Saba Grayer,676-201-3885,sgrayerb4@theglobeandmail.com,Eurovan
Batsheva Kruszelnicki,286-301-1730,bkruszelnickib5@twitter.com,Navigator L
Davin Saunderson,517-449-4817,dsaundersonb6@discovery.com,Impreza
Georgetta Shaefer,361-385-1656,gshaeferb7@vk.com,S-Series
Merla Eeles,909-429-1800,meelesb8@nhs.uk,ES
Corny Welden,222-178-9441,cweldenb9@freewebs.com,Fairlane
Ellissa Carnock,922-803-5237,ecarnockba@mediafire.com,Odyssey
Sargent Ferminger,106-851-5767,sfermingerbb@utexas.edu,Century
Ophelia Sherebrooke,687-296-8799,osherebrookebc@creativecommons.org,Verano
Rosanna Roulston,342-941-7057,rroulstonbd@prnewswire.com,New Beetle
Adore Gisbey,389-545-8470,agisbeybe@msu.edu,Insight
Keelia Tindle,505-590-6621,ktindlebf@dropbox.com,Grand Marquis
Alyssa Dumpleton,466-581-0877,adumpletonbg@addthis.com,Grand Caravan
Omar Tumbelty,462-240-4604,otumbeltybh@taobao.com,G-Class
Abelard Farriar,332-151-8164,afarriarbi@japanpost.jp,Suburban 2500
Lian Aspey,149-330-2840,laspeybj@addtoany.com,Canyon
Jeanette Scothern,799-856-0168,jscothernbk@printfriendly.com,MDX
Sydel Shortt,296-725-9089,sshorttbl@geocities.com,Sebring
Godard Slad,849-895-0966,gsladbm@slate.com,Nitro
Kacy Mahomet,521-830-6936,kmahometbn@wisc.edu,CTS
Gilemette Hulme,197-108-6490,ghulmebo@yolasite.com,F250
Brnaby Uzzell,106-800-6439,buzzellbp@bloomberg.com,H1
Julie Phittiplace,510-477-3302,jphittiplacebq@phpbb.com,Ram 1500
Gillian Jebb,901-121-5132,gjebbbr@over-blog.com,430 Scuderia
Janie Tregenza,197-857-7084,jtregenzabs@gov.uk,Electra
Delmar Sturdey,785-116-5653,dsturdeybt@edublogs.org,LS
Devland Pusey,281-140-9767,dpuseybu@pcworld.com,Highlander
Barney Randle,975-830-7099,brandlebv@wiley.com,Charger
Nance Grestye,474-351-8799,ngrestyebw@pcworld.com,A6
Reginauld Fodden,460-775-8252,rfoddenbx@php.net,NSX
Sigismond Samarth,112-114-3366,ssamarthby@unesco.org,Passport
Ethelind Dunn,287-231-9260,edunnbz@biglobe.ne.jp,Firefly
Bjorn Sterke,535-499-2849,bsterkec0@theatlantic.com,X3
Bidget Wrightham,237-222-5158,bwrighthamc1@yolasite.com,6 Series
Inesita Ornillos,414-192-0624,iornillosc2@google.fr,Topaz
Malynda Blampey,395-280-9452,mblampeyc3@diigo.com,Maxima
Clim Mellanby,132-849-8148,cmellanbyc4@cnn.com,Century
Lalo Patinkin,408-277-7758,lpatinkinc5@usa.gov,G
Etta Olorenshaw,549-374-5215,eolorenshawc6@ibm.com,Suburban 1500
Lock Kernar,656-816-0724,lkernarc7@miibeian.gov.cn,Oasis
Cybil Oganesian,404-377-9824,coganesianc8@techcrunch.com,Canyon
Saidee Park,655-965-3298,sparkc9@kickstarter.com,2500
Eugine Dain,334-273-0716,edainca@digg.com,Laser
Shea Bossel,273-937-1712,sbosselcb@go.com,Cougar
Celle Bernaldez,912-961-4788,cbernaldezcc@infoseek.co.jp,Grand Marquis
Syman Tewelson,821-748-5073,stewelsoncd@rediff.com,Concorde
Micky Le Marquis,871-346-8461,mlece@webeden.co.uk,Swift
Batholomew Stambridge,931-310-6099,bstambridgecf@intel.com,LX
Sibelle Assur,783-364-0646,sassurcg@ed.gov,Laser
Had Nowakowski,239-345-6973,hnowakowskich@free.fr,Dakota Club
Bea Habron,422-380-0676,bhabronci@google.de,V70
Venus Soot,645-831-9464,vsootcj@twitpic.com,Econoline E250
Dorelia MacClancey,700-685-7146,dmacclanceyck@lycos.com,Camaro
Morey Whelpdale,355-358-3175,mwhelpdalecl@oakley.com,1000
Evangelia Runnacles,336-993-0900,erunnaclescm@twitpic.com,Beetle
Randene Porritt,910-106-6048,rporrittcn@abc.net.au,LR4
Penrod Gayter,820-602-3865,pgayterco@prweb.com,Caravan
Valencia Bednall,273-636-9913,vbednallcp@mashable.com,LTD Crown Victoria
Wain Trayes,293-113-4990,wtrayescq@timesonline.co.uk,Expedition
Austine Ballsdon,141-382-6193,aballsdoncr@indiegogo.com,Mazda6
Elfie Drei,884-161-7563,edreics@vimeo.com,Firebird
Shantee Richfield,918-357-5131,srichfieldct@mashable.com,Prius
Ambur Ferrelli,262-403-0416,aferrellicu@chron.com,Ascender
Paddy Meads,213-306-0545,pmeadscv@ehow.com,Econoline E350
Maurise Petriello,310-712-1934,mpetriellocw@de.vu,F250
Phineas Munro,299-704-6112,pmunrocx@google.de,SL-Class
Julius Mitchener,515-306-3410,jmitchenercy@so-net.ne.jp,Lumina
Lamont Cisco,632-284-1766,lciscocz@fda.gov,Gallardo
Bamby McCotter,256-556-2483,bmccotterd0@webmd.com,S-Class
Gayler Stiegar,421-318-9398,gstiegard1@goo.gl,Liberty
Ceil Helbeck,716-844-3369,chelbeckd2@prweb.com,SLK-Class
Babette Duferie,599-305-1757,bduferied3@nature.com,Monaco
Gayleen Conn,401-629-1964,gconnd4@nhs.uk,CC
Care Fredy,101-932-5739,cfredyd5@elegantthemes.com,Sierra 3500
Roby Allinson,325-164-7081,rallinsond6@webnode.com,CR-X
Celestyna Gillhespy,130-946-9066,cgillhespyd7@china.com.cn,Taurus
Dorelle Gissop,653-559-0378,dgissopd8@sourceforge.net,7 Series
Quinton Snellman,889-172-5593,qsnellmand9@go.com,Accord
Bibbye Farlamb,947-107-2928,bfarlambda@vkontakte.ru,7 Series
Glynis Hefferan,807-270-8475,ghefferandb@tinypic.com,GLK-Class
Lucita Breston,214-734-2178,lbrestondc@redcross.org,Montero
Kellie Dils,989-791-7087,kdilsdd@vkontakte.ru,MKS
Bjorn Itzchaky,551-473-5640,bitzchakyde@google.co.uk,XJ
Cal Stuehmeier,316-425-7445,cstuehmeierdf@google.es,Corolla
Ladonna Dungate,682-997-1867,ldungatedg@google.de,X3
Philip Killcross,656-490-9625,pkillcrossdh@google.cn,SLK-Class
Raddie Moohan,605-532-4305,rmoohandi@cnn.com,LaCrosse
Augustina Ardy,742-973-9745,aardydj@census.gov,Monte Carlo
Jarid Carnoghan,954-525-3518,jcarnoghandk@odnoklassniki.ru,Grand Caravan
Alexia Van Hesteren,827-670-9116,avandl@chron.com,Tacoma
Maisey Walsom,209-883-8785,mwalsomdm@csmonitor.com,Quest
Marna Pearmine,923-981-9385,mpearminedn@whitehouse.gov,SL-Class
Onofredo Slayny,822-693-1574,oslaynydo@weebly.com,Galant
Leigha Croizier,797-770-8072,lcroizierdp@a8.net,Raider
Nissy Druhan,126-984-6482,ndruhandq@webs.com,Navigator L
Robinet Mathelon,922-249-7911,rmathelondr@macromedia.com,Windstar
Michaela de Guise,878-178-0969,mdeds@nbcnews.com,Insight
Corabelle Stirley,515-246-5481,cstirleydt@hc360.com,Catera
Annadiane McMurthy,489-267-2090,amcmurthydu@tuttocitta.it,Ascender
Julia Tirrey,242-751-4538,jtirreydv@mayoclinic.com,Astro
Bevan Drewery,265-827-7697,bdrewerydw@va.gov,Celica
Richardo Kettlestringes,442-257-8380,rkettlestringesdx@princeton.edu,IS
Marshal Zucker,356-663-6106,mzuckerdy@qq.com,SM
Fawne Boots,623-616-8125,fbootsdz@soundcloud.com,Sebring
Thea Renachowski,628-516-3434,trenachowskie0@pen.io,L-Series
Jim Attwell,248-552-5657,jattwelle1@youtube.com,Ranger
Jock Gurry,514-425-5196,jgurrye2@ox.ac.uk,Envoy
Almira Gherardelli,470-492-5524,agherardellie3@youku.com,Countach
Dulcine Nehls,869-188-5655,dnehlse4@storify.com,Bonneville
Lee Eastop,298-970-6933,leastope5@networksolutions.com,SL-Class
Angeli Prendergast,625-444-9068,aprendergaste6@goo.gl,Eclipse
Aindrea Hamnet,531-569-0704,ahamnete7@1und1.de,Eclipse
Harlan Kirkpatrick,143-374-2197,hkirkpatricke8@unblog.fr,3000GT
Kelsey Jeske,689-293-3176,kjeskee9@dion.ne.jp,RX Hybrid
Mark Twyford,448-548-5855,mtwyfordea@opensource.org,Passat
Hazlett Sigward,845-754-6315,hsigwardeb@storify.com,Cherokee
Nikaniki Winters,464-110-2123,nwintersec@yellowbook.com,Sorento
Cate Cosford,303-164-9038,ccosforded@nature.com,Grand Voyager
Imojean Peacocke,247-461-8056,ipeacockeee@hibu.com,RL
Cthrine Sherland,754-768-7215,csherlandef@ted.com,Dakota
Doralynne Forrester,468-357-4779,dforrestereg@odnoklassniki.ru,Monte Carlo
Cosetta Darlison,586-853-5621,cdarlisoneh@exblog.jp,G35
Garnette Meugens,365-958-9967,gmeugensei@accuweather.com,Continental
Alena Stallon,460-496-0263,astallonej@wikispaces.com,X6 M
Kesley Rodnight,395-887-0396,krodnightek@oaic.gov.au,RDX
Sheelagh Antonioni,792-948-8394,santonioniel@huffingtonpost.com,G35
Yetty O'Scollain,576-837-9730,yoscollainem@themeforest.net,Avalanche 1500
Denver Soper,379-513-2298,dsoperen@tinypic.com,Elantra
Jess Matei,497-482-5114,jmateieo@usa.gov,XG350
Maynord Trice,665-221-9296,mtriceep@timesonline.co.uk,E250
Hephzibah Pagon,358-966-8094,hpagoneq@wsj.com,Boxster
Valentijn Peaker,480-906-2194,vpeakerer@house.gov,Altima
Rollie Dundin,594-607-8791,rdundines@gmpg.org,Blazer
Christen Heskin,386-866-4883,cheskinet@uol.com.br,Econoline E150
Ernesto Renehan,189-330-6704,erenehaneu@intel.com,Catera
Tandi Cowp,443-246-2826,tcowpev@cyberchimps.com,Forester
Aldrich Comberbeach,441-676-0516,acomberbeachew@yellowpages.com,IS-F
Dena Halpeine,826-178-7528,dhalpeineex@bing.com,Leganza
Sandye Seneschal,820-293-7933,sseneschaley@who.int,E-Class
Ezekiel Whyteman,355-941-0968,ewhytemanez@gravatar.com,Spectra
Nikos Deveral,731-880-7010,ndeveralf0@huffingtonpost.com,Monte Carlo
Dougy Vedyaev,522-354-6452,dvedyaevf1@bbc.co.uk,Bonneville
Cosimo Vellden,694-682-3321,cvelldenf2@kickstarter.com,Continental
Hamnet Moultrie,858-421-8035,hmoultrief3@latimes.com,Escalade
Tonya Flintiff,427-701-2732,tflintifff4@reverbnation.com,Prizm
Daven Bremen,582-278-5335,dbremenf5@hao123.com,Camaro
Staffard Breissan,506-458-3764,sbreissanf6@webnode.com,Montero
Nadeen Roden,993-616-6436,nrodenf7@blogs.com,LS
Cullie Couser,574-234-8241,ccouserf8@gnu.org,Eldorado
Renato Heam,262-329-4977,rheamf9@deliciousdays.com,CR-V
Herrick Rozier,315-702-5265,hrozierfa@icio.us,3500
Tuck Pedgrift,177-993-6823,tpedgriftfb@wix.com,G
Cordelia Marfe,471-472-1782,cmarfefc@quantcast.com,Sierra
Ingelbert Brusin,298-662-2760,ibrusinfd@oracle.com,F430
Gretel Kundt,603-485-0769,gkundtfe@technorati.com,CL
Prue Manterfield,151-510-8748,pmanterfieldff@hud.gov,Thunderbird
Martyn Biasini,354-938-6104,mbiasinifg@house.gov,Grand Cherokee
Gearalt Brose,378-717-2159,gbrosefh@ocn.ne.jp,Ram 3500
Lonnie Agg,750-777-6997,laggfi@jimdo.com,Mighty Max Macro
Laurie O'Shiels,280-183-1754,loshielsfj@dell.com,Mustang
Carlen Lucy,566-749-5139,clucyfk@qq.com,Miata MX-5
Pen Lapthorn,736-616-0884,plapthornfl@discovery.com,Ram 1500
Celestyna Cleevely,609-272-4743,ccleevelyfm@live.com,Explorer Sport
Skyler Rathke,573-958-1330,srathkefn@slate.com,626
Marge Extal,246-459-6921,mextalfo@upenn.edu,Paseo
Dillon Rouby,975-465-6150,droubyfp@state.tx.us,Truck
Myles Radcliffe,487-440-8077,mradcliffefq@oakley.com,S4
Ronni Filyushkin,807-720-3466,rfilyushkinfr@slideshare.net,Windstar
Teriann Kiley,936-615-3357,tkileyfs@godaddy.com,Acadia
Wiley Croft,434-842-6672,wcroftft@irs.gov,Aero 8
Marni Classen,180-278-6173,mclassenfu@github.io,Grand Prix
Perceval Penddreth,873-974-5470,ppenddrethfv@japanpost.jp,S8
Lyn Wordington,534-241-4561,lwordingtonfw@usatoday.com,Windstar
Willdon Panton,517-150-6988,wpantonfx@1und1.de,Versa
Myrlene Van Arsdale,240-767-5882,mvanfy@weebly.com,Pajero
Lesley Hillborne,358-385-9347,lhillbornefz@a8.net,Continental GTC
Doralin Scotson,715-212-6914,dscotsong0@newyorker.com,Cherokee
Anett Bettanay,750-399-7650,abettanayg1@opensource.org,Cobalt SS
Ian Cragell,966-357-8119,icragellg2@cisco.com,Navigator
Forrester Klimkowski,808-419-9730,fklimkowskig3@nature.com,Highlander
Devy McPaik,377-626-3189,dmcpaikg4@economist.com,V50
Rozamond McCerery,385-336-9025,rmccereryg5@about.me,Savana 1500
Joannes Barrell,657-286-9872,jbarrellg6@google.co.uk,Crossfire
Don Hellmer,165-700-0027,dhellmerg7@sina.com.cn,E-Class
Clareta Peizer,816-770-8169,cpeizerg8@freewebs.com,Storm
Linc Chappelle,572-349-2016,lchappelleg9@harvard.edu,Wrangler
Giustino Goburn,587-962-6961,ggoburnga@parallels.com,QX56
Jillene Widdocks,807-969-1832,jwiddocksgb@hp.com,GTI
Edgar Boutcher,704-585-8492,eboutchergc@telegraph.co.uk,S-Series
Marj Steljes,933-721-8370,msteljesgd@dion.ne.jp,Mazda6
Dyanna Oxherd,377-747-6549,doxherdge@engadget.com,Diablo
Malina Soar,356-218-0034,msoargf@hubpages.com,A6
Brinn Lillo,483-956-5565,blillogg@bravesites.com,RX
Anthe Lusgdin,979-344-4336,alusgdingh@cbslocal.com,L300
Stanislas Robelin,231-989-9508,srobelingi@meetup.com,Virage
Zenia McKeeman,886-602-6266,zmckeemangj@goodreads.com,Millenia
Malchy Casterot,284-114-9385,mcasterotgk@fema.gov,Accent
Kalle Nibley,425-736-0140,knibleygl@cdbaby.com,Rabbit
Philly Feake,573-547-4287,pfeakegm@cdc.gov,M-Class
Griselda Ephson,252-557-9086,gephsongn@sakura.ne.jp,C30
Bradney Dumingo,355-377-5382,bdumingogo@topsy.com,Envoy
Nadean Oosthout de Vree,528-167-6711,noosthoutgp@loc.gov,Solstice
Moyra Sidsaff,461-733-6237,msidsaffgq@sbwire.com,Camry
Teresa Reichardt,642-832-2160,treichardtgr@addthis.com,Element
Isis Gantzman,966-320-2681,igantzmangs@buzzfeed.com,Navigator
Valene Higginbottam,510-692-2160,vhigginbottamgt@walmart.com,Accent
Remus Bloxholm,785-250-4106,rbloxholmgu@youtu.be,Equinox
Goldarina Cundey,878-368-0857,gcundeygv@elegantthemes.com,S60
Judah Keedy,469-192-8581,jkeedygw@elegantthemes.com,MKT
Karleen Juorio,735-332-3386,kjuoriogx@constantcontact.com,G25
Rob Bomb,756-295-8396,rbombgy@liveinternet.ru,XC60
Rurik Richarz,686-508-9793,rricharzgz@prnewswire.com,Supra
Stefania Searles,636-590-2929,ssearlesh0@intel.com,Avalon
Mathilda Olenchenko,392-412-6879,molenchenkoh1@cafepress.com,Grand Am
Wynnie Kerman,253-812-1094,wkermanh2@51.la,Caprice
Devonne McFaul,166-678-3398,dmcfaulh3@vinaora.com,Allante
Alexandre Wheeler,694-572-8650,awheelerh4@vk.com,XL-7
Wait Haselgrove,417-219-2027,whaselgroveh5@smh.com.au,Laser
Etienne Beadell,746-283-8399,ebeadellh6@furl.net,Alpina B7
Kirby Smallbone,336-401-3498,ksmallboneh7@mapquest.com,Savana 2500
Ware Halpeine,688-345-5966,whalpeineh8@sfgate.com,xB
Ethelind Donan,600-416-2597,edonanh9@sciencedirect.com,Corsica
Forrester Pengelly,311-473-0527,fpengellyha@go.com,911
Arturo Cassel,494-810-6457,acasselhb@livejournal.com,Viper
Rochelle Chuck,811-275-6566,rchuckhc@japanpost.jp,Cabriolet
Brucie Hurn,205-465-5773,bhurnhd@dedecms.com,RAV4
Taddeusz Michin,458-345-4888,tmichinhe@squidoo.com,Biturbo
Rich Bayliss,617-973-6117,rbaylisshf@latimes.com,Malibu
Neal Hendrich,476-522-5673,nhendrichhg@squidoo.com,Odyssey
Welch Lumbley,648-721-9881,wlumbleyhh@cisco.com,760
Roze Richin,722-436-8916,rrichinhi@hc360.com,DTS
Katy Merrett,909-326-0124,kmerretthj@guardian.co.uk,Escape
Annamaria Elizabeth,335-610-1274,aelizabethhk@facebook.com,Suburban 1500
Claudelle Chawner,113-775-7585,cchawnerhl@nyu.edu,Cooper
Kacie Mounfield,232-322-8170,kmounfieldhm@weather.com,2500
Rollins Olligan,741-287-6329,rolliganhn@uiuc.edu,Savana 3500
Minne Cuskery,552-668-2713,mcuskeryho@scientificamerican.com,760
Louisette Goodband,828-974-1329,lgoodbandhp@fda.gov,C-Class
Sutton Sawdy,983-779-3911,ssawdyhq@symantec.com,929
Irina Huygen,125-165-8919,ihuygenhr@pagesperso-orange.fr,i-Series
Sapphire Merali,214-646-3792,smeralihs@ft.com,Prius
Reynold Dallas,340-547-8466,rdallasht@dyndns.org,Murci√©lago LP640
Galvin Barbrook,756-186-3631,gbarbrookhu@homestead.com,SL-Class
Cris Featherstonhaugh,673-117-5205,cfeatherstonhaughhv@omniture.com,Camry
Rafi Grigoriscu,363-977-3769,rgrigoriscuhw@i2i.jp,Grand Prix
Leonerd Smeath,809-151-7817,lsmeathhx@oaic.gov.au,350Z
Launce Sawday,702-191-1116,lsawdayhy@china.com.cn,Camry Hybrid
Samuel Wasmuth,909-361-6809,swasmuthhz@msn.com,Electra
Elayne Blood,503-402-3272,ebloodi0@cbsnews.com,Monte Carlo
Maurizia Laslett,425-805-6306,mlasletti1@dyndns.org,Ram 1500 Club
Abie Pym,885-405-7514,apymi2@blogs.com,SRX
Elsie Colquite,145-741-0909,ecolquitei3@apache.org,ES
Kimberli Bizzey,448-588-4705,kbizzeyi4@yellowpages.com,Discovery
Dukey Whitlam,831-803-5023,dwhitlami5@newsvine.com,Taurus
Patricio Foxwell,290-362-3410,pfoxwelli6@vk.com,R-Class
Catherine Casswell,300-637-3504,ccasswelli7@census.gov,Mustang
Bent Mundy,379-251-3501,bmundyi8@theatlantic.com,Caliber
Dyan McRill,500-790-3642,dmcrilli9@ucsd.edu,Element
Cora Revance,988-251-7348,crevanceia@youku.com,Cobalt
Misha Downing,205-709-8664,mdowningib@weibo.com,Bronco
Annabal McGourty,532-259-6561,amcgourtyic@ox.ac.uk,Frontier
Fanya Walshaw,259-598-4867,fwalshawid@indiatimes.com,LeMans
Stafani Gullifant,909-997-3675,sgullifantie@amazon.de,Veyron
Nelie Scotchforth,817-532-8645,nscotchforthif@cpanel.net,Scoupe
Samson Outerbridge,309-188-7407,souterbridgeig@foxnews.com,Paseo
Silvan O'Kieran,111-725-2465,sokieranih@ifeng.com,Legacy
Elna Sincock,735-526-0409,esincockii@archive.org,Lanos
Alecia Oslar,928-145-4410,aoslarij@slate.com,Town & Country
Mirilla Ragbourn,722-887-6976,mragbournik@t-online.de,Envoy
Barbaraanne Francklin,879-409-2318,bfrancklinil@netscape.com,Spyder
Kristin Ainslee,912-712-0624,kainsleeim@fotki.com,LR3
Ardith Sizeland,156-998-7746,asizelandin@paginegialle.it,S80
Joey Guillerman,603-468-3564,jguillermanio@edublogs.org,Camry
Juline Vickars,855-621-2860,jvickarsip@behance.net,Scirocco
Jules Leatt,415-594-0168,jleattiq@webs.com,Alpina B7
Gaven Dyers,378-562-9341,gdyersir@blinklist.com,Virage
Regan Lyst,696-532-7230,rlystis@europa.eu,Santa Fe
Brennan Jacqueme,477-926-1388,bjacquemeit@squarespace.com,Thunderbird
Suki Bruce,131-584-4153,sbruceiu@statcounter.com,MKZ
Kimberli Groneway,214-223-6641,kgronewayiv@indiatimes.com,E-Series
Phaedra Harriman,707-973-1845,pharrimaniw@guardian.co.uk,Silverado 2500
Boycey Roman,279-192-1259,bromanix@reverbnation.com,Sentra
Keir Shearmer,758-317-9388,kshearmeriy@sourceforge.net,MX-5
Grissel Sallings,680-651-2955,gsallingsiz@census.gov,Rabbit
Miran Bottrill,795-819-2283,mbottrillj0@globo.com,Ram 3500
Salomone Alaway,745-384-7536,salawayj1@msn.com,CR-V
Rea Bradder,824-422-6796,rbradderj2@arizona.edu,Expedition
Maximilianus Klauber,130-120-1345,mklauberj3@unc.edu,Miata MX-5
Alyce Dukes,127-417-1599,adukesj4@reference.com,911
Drona Wiersma,978-616-1492,dwiersmaj5@senate.gov,Vandura G3500
Susann Butterfield,691-764-2821,sbutterfieldj6@purevolume.com,Lancer
Rhetta Habberjam,496-631-6787,rhabberjamj7@example.com,Concorde
Meg Braferton,781-794-3491,mbrafertonj8@deliciousdays.com,Stratus
Artie Pizzie,382-115-1832,apizziej9@example.com,Probe
Rosemaria Coolican,492-418-7411,rcoolicanja@dmoz.org,Magnum
Randie Lathee,879-235-6247,rlatheejb@hatena.ne.jp,X5
Annnora Scarth,359-471-1344,ascarthjc@scientificamerican.com,Viper RT/10
Aindrea Westney,702-845-0898,awestneyjd@nymag.com,F450
Levon Geffinger,885-715-5739,lgeffingerje@hugedomains.com,LeSabre
Zacherie Dono,262-564-3800,zdonojf@comcast.net,IS-F
Homer Wilcox,477-397-6617,hwilcoxjg@a8.net,Savana 3500
Cedric Choake,841-237-0282,cchoakejh@census.gov,Passat
Stepha Raoul,752-206-7410,sraoulji@icio.us,164
Kimberlyn Spuffard,790-216-1986,kspuffardjj@umn.edu,Cherokee
Valentijn Connerry,651-563-0694,vconnerryjk@soundcloud.com,G37
Aili Cutler,873-514-0646,acutlerjl@phpbb.com,Discovery
Sherri Goude,716-916-4107,sgoudejm@reference.com,Odyssey
Rosmunda Hamberston,157-359-4492,rhamberstonjn@dmoz.org,C-Class
Ailee Lyddiard,601-246-2646,alyddiardjo@so-net.ne.jp,NV3500
Brooke Moffett,845-922-2569,bmoffettjp@washington.edu,QX
Jeramey Stummeyer,246-398-8113,jstummeyerjq@reverbnation.com,Bonneville
Barnard Gedge,946-730-7047,bgedgejr@reverbnation.com,Yukon XL 2500
Brietta Aitken,225-430-6887,baitkenjs@walmart.com,Ram 3500
Darice Cawthorn,356-963-2066,dcawthornjt@epa.gov,GS
Vladimir Merton,912-900-7311,vmertonju@elegantthemes.com,Town Car
Nomi Toor,400-537-2446,ntoorjv@merriam-webster.com,Dakota Club
Levin Challenger,674-802-9475,lchallengerjw@google.pl,TL
Keeley Kellert,749-879-9159,kkellertjx@time.com,Montero
Curtice Ingleby,483-813-0380,cinglebyjy@sakura.ne.jp,Camaro
Thane Butlin,523-288-7346,tbutlinjz@shinystat.com,G-Series G10
Giacobo Gothard,681-205-1790,ggothardk0@bluehost.com,S-Class
L;urette O'Halleghane,197-513-2941,lohalleghanek1@spotify.com,Passat
Nanon Keane,766-847-6004,nkeanek2@stumbleupon.com,Dakota
Donn Latchmore,728-923-7820,dlatchmorek3@sphinn.com,Crossfire Roadster
Abagail De Lisle,193-288-4235,adek4@archive.org,Vandura 1500
Marieann Galletley,554-310-6482,mgalletleyk5@alexa.com,Sonata
Sandor Kingsland,875-274-2326,skingslandk6@imageshack.us,HS
Adolf Korpal,109-603-3987,akorpalk7@istockphoto.com,S-Class
Edward Corton,250-381-9568,ecortonk8@ucla.edu,RL
Bat Sheran,788-760-6655,bsherank9@furl.net,i-290
Maura Smorthit,595-316-1955,msmorthitka@ucoz.com,Mazda3
Ginelle Tallon,967-327-8314,gtallonkb@photobucket.com,Grand Prix
Gerta Jeschner,589-119-0612,gjeschnerkc@discuz.net,Firebird
Wyatan Romi,531-487-8500,wromikd@gravatar.com,ES
Delly Sebring,333-560-1813,dsebringke@last.fm,RX-7
Alford Simonin,911-332-4416,asimoninkf@springer.com,Cayenne
Frans Sides,915-662-3077,fsideskg@hugedomains.com,New Beetle
Webster Nolan,759-231-1379,wnolankh@ftc.gov,GTO
Renato Gonthier,876-464-2290,rgonthierki@ed.gov,Town Car
Brenden Andrew,921-930-9788,bandrewkj@moonfruit.com,Tempo
Gib Beers,729-123-2357,gbeerskk@php.net,E350
Petrina Sansam,962-584-3362,psansamkl@ebay.co.uk,A4
Merci Lethby,811-545-6677,mlethbykm@narod.ru,Town Car
Shela Poser,168-473-8013,sposerkn@tamu.edu,Aviator
Leontyne Brakespear,718-422-3985,lbrakespearko@gmpg.org,626
Tildi Small,242-440-5088,tsmallkp@mysql.com,600SL
Ethelda Izaks,690-576-8246,eizakskq@answers.com,Patriot
Cesaro Ciobotaro,650-416-0665,cciobotarokr@hugedomains.com,Sportage
Zita Saffen,940-208-9349,zsaffenks@w3.org,Corvette
Mercie Medlicott,391-610-2935,mmedlicottkt@dailymail.co.uk,Civic
Merissa Shrimpling,615-896-3482,mshrimplingku@columbia.edu,Explorer
Aura Hansmann,641-616-9578,ahansmannkv@google.de,Magnum
Scarface Guirau,785-861-0042,sguiraukw@noaa.gov,Grand Cherokee
Raviv Ramsier,318-804-6476,rramsierkx@mail.ru,B-Series
Ertha Rands,351-144-0230,erandsky@163.com,Ram 1500 Club
Imojean Pinkard,367-676-7568,ipinkardkz@zimbio.com,RX
Laurena Going,268-420-0992,lgoingl0@geocities.jp,Evora
Chiquia Dacks,873-920-6806,cdacksl1@microsoft.com,Mustang
Gerald Castelain,115-373-3630,gcastelainl2@dedecms.com,98
Garwood Eagar,254-931-7101,geagarl3@sun.com,Venture
Robbie Tremmil,202-333-8129,rtremmill4@noaa.gov,Town Car
Doralynne Mulvihill,129-790-9035,dmulvihilll5@google.cn,Swift
Augusto Pincott,821-962-3341,apincottl6@gizmodo.com,A6
Lionel Drissell,706-445-5932,ldrisselll7@bravesites.com,Z4
Allys Blanc,605-253-2181,ablancl8@godaddy.com,Envoy
Manny De Giorgio,230-495-7407,mdel9@fema.gov,M
Ophelia Maddra,739-600-8071,omaddrala@senate.gov,Grand Caravan
Jayson Treffrey,523-278-0488,jtreffreylb@weather.com,Z4
Harriet Guidini,903-856-2430,hguidinilc@archive.org,Voyager
Garik Skingley,448-736-0796,gskingleyld@netscape.com,Tucson
Loria Mordanti,208-510-7650,lmordantile@gmpg.org,Galant
Samaria Sygroves,292-120-5390,ssygroveslf@cnbc.com,Matrix
Anna-diane Lipsett,795-254-8080,alipsettlg@cdbaby.com,Boxster
Frayda Govier,468-531-9408,fgovierlh@wp.com,Safari
Anthiathia Drogan,197-567-0701,adroganli@businessinsider.com,Rodeo
Sheree Arnout,503-731-6475,sarnoutlj@amazon.de,Mini Cooper
Gasparo Zanicchelli,279-648-4832,gzanicchellilk@newyorker.com,SRX
Luella Dadley,180-261-3227,ldadleyll@guardian.co.uk,Accord Crosstour
Celestia Pawels,468-451-3522,cpawelslm@paginegialle.it,Villager
Zechariah Faulder,296-895-6727,zfaulderln@eepurl.com,Dakota
Othilia Beaufoy,409-497-5343,obeaufoylo@deliciousdays.com,Ridgeline
Ann-marie Velde,499-521-2482,aveldelp@hc360.com,Grand Prix
Anabella Norkett,852-974-3850,anorkettlq@is.gd,Forester
Rosemaria Whisby,323-157-6403,rwhisbylr@hubpages.com,Escalade ESV
Wayne Andreacci,629-514-3518,wandreaccils@quantcast.com,Cherokee
Bary Rikard,959-897-4881,brikardlt@technorati.com,4000
Adore Nazair,260-845-6255,anazairlu@dailymotion.com,RX
Chelsy Scranney,171-816-1482,cscranneylv@mit.edu,Prizm
Lurette Dosedale,721-209-2292,ldosedalelw@amazon.de,900
Arnoldo Hawtin,890-776-6412,ahawtinlx@tinyurl.com,Grand Caravan
Way Venditto,648-699-3988,wvendittoly@imdb.com,Yukon XL 1500
Raine Spafford,310-948-5444,rspaffordlz@linkedin.com,Sterling
Dorothy Silberschatz,784-387-4796,dsilberschatzm0@t-online.de,G
Ebenezer Celes,336-149-4827,ecelesm1@chicagotribune.com,Malibu
Aurore Sheeres,915-706-9869,asheeresm2@hc360.com,Fleetwood
Chiarra McDuff,183-794-3230,cmcduffm3@statcounter.com,Vandura 1500
Quentin Greenshields,269-394-6851,qgreenshieldsm4@msn.com,Reatta
Anjela Hansford,241-955-7120,ahansfordm5@google.co.jp,5000S
Ninette Duffil,643-854-7626,nduffilm6@umn.edu,X-Type
Albina Trighton,165-363-7769,atrightonm7@nba.com,Eclipse
Morganne Hargrove,545-411-8996,mhargrovem8@craigslist.org,MKS
Tam Burt,998-431-4582,tburtm9@desdev.cn,Camry
Marietta Diperaus,480-469-8882,mdiperausma@jiathis.com,Highlander Hybrid
Leonelle Windridge,239-122-2280,lwindridgemb@ca.gov,Silhouette
Rupert Borlease,696-300-2872,rborleasemc@sphinn.com,V50
Caressa Laite,561-724-8458,claitemd@shop-pro.jp,Camaro
Rabi McElhinney,578-114-7133,rmcelhinneyme@google.co.jp,Town Car
Antonino Avory,649-738-6136,aavorymf@opera.com,Ram 3500
Bette Everleigh,379-617-5329,beverleighmg@freewebs.com,Ram 1500 Club
Leigha Covet,345-103-8538,lcovetmh@squidoo.com,A5
Ximenes Kovelmann,611-387-5123,xkovelmannmi@last.fm,LS
Nobie Bucknell,110-371-9692,nbucknellmj@usatoday.com,5-Sep
Gerhardt Lob,864-107-1713,globmk@digg.com,3500
Claiborne Lillee,960-621-7730,clilleeml@blogspot.com,Aztek
Nehemiah Epdell,528-103-5413,nepdellmm@surveymonkey.com,300D
Jonathon Heaysman,112-379-2203,jheaysmanmn@telegraph.co.uk,Sierra 1500
Blayne MacKimm,730-998-1343,bmackimmmo@bbb.org,Escort
Benjie Silveston,407-827-3900,bsilvestonmp@google.es,Navigator
Burt Soan,815-863-4624,bsoanmq@unicef.org,Veyron
Joan Thompson,981-466-5023,jthompsonmr@artisteer.com,G37
Farrand Tibb,326-409-2780,ftibbms@ovh.net,xA
Bengt Hayfield,401-556-7983,bhayfieldmt@hexun.com,S80
Virginie Riddall,506-749-4178,vriddallmu@spiegel.de,X5
Esmeralda Mathet,524-369-3663,emathetmv@woothemes.com,Avalon
Rosabel Paxforde,690-483-4814,rpaxfordemw@ucla.edu,Endeavor
Fredia Leftwich,347-162-6769,fleftwichmx@yandex.ru,Sprinter
Gerek Padula,212-139-6415,gpadulamy@so-net.ne.jp,3500
Raeann Perceval,114-862-0390,rpercevalmz@wordpress.com,3000GT
Kayla Minillo,879-966-2465,kminillon0@cisco.com,LaCrosse
Martino Gradley,724-484-8063,mgradleyn1@cmu.edu,Celica
Cherida Orts,554-388-8517,cortsn2@gov.uk,V8
Vanya Bartolomeo,507-620-4034,vbartolomeon3@slideshare.net,300
Carolyn Ellwood,388-753-4489,cellwoodn4@ed.gov,57
Jonie Lavender,773-436-5722,jlavendern5@ameblo.jp,Yaris
Stacie St Clair,401-893-8552,sstn6@hexun.com,LTD Crown Victoria
Kay Clemitt,533-161-8314,kclemittn7@mediafire.com,911
Kahlil Sommers,998-904-5626,ksommersn8@dropbox.com,Windstar
Joelynn Pickard,421-597-7527,jpickardn9@naver.com,Ram 2500
Willdon Nys,783-256-5465,wnysna@amazon.co.uk,Tucson
Noreen Ribbens,179-462-3820,nribbensnb@spotify.com,S80
Frederico Wann,951-461-8664,fwannnc@wiley.com,Pajero
Alanson Rowntree,375-836-4020,arowntreend@merriam-webster.com,Rodeo
Collette Cristofvao,457-431-5022,ccristofvaone@webmd.com,430 Scuderia
Willi Huchot,768-976-2482,whuchotnf@umich.edu,Allroad
Freddy Dodsley,806-856-6927,fdodsleyng@shinystat.com,PT Cruiser
Sim Elflain,451-478-9699,selflainnh@livejournal.com,Montero Sport
Anne Faughnan,242-881-3186,afaughnanni@state.gov,Tercel
Jourdan Hanvey,253-483-3542,jhanveynj@homestead.com,Solstice
Vina Heasman,817-689-1533,vheasmannk@telegraph.co.uk,Jetta
Clive Plum,553-187-9773,cplumnl@google.es,Equinox
Alphard Flegg,321-799-7994,afleggnm@geocities.jp,Firebird
Ryan Rabl,773-987-1744,rrablnn@wordpress.org,8 Series
Barnebas Brugmann,187-259-5697,bbrugmannno@bravesites.com,3000GT
Eleonora Tixall,199-135-3880,etixallnp@google.nl,5-Sep
Vilma Jersch,791-756-9747,vjerschnq@netvibes.com,LS
Woody Stallion,150-223-7734,wstallionnr@google.nl,Esprit
Garik Crosse,565-203-6570,gcrossens@europa.eu,Outlander
Shalna Firmin,407-105-2421,sfirminnt@youtube.com,LeSabre
Marissa Mathiot,475-472-9051,mmathiotnu@wordpress.org,Mazda5
Cob Seater,212-746-9816,cseaternv@slate.com,Continental Mark VII
Tiphanie Mulgrew,377-856-9864,tmulgrewnw@ameblo.jp,Sierra 2500
Roslyn Gamwell,258-583-8661,rgamwellnx@forbes.com,Forester
Norah Georgescu,214-477-6630,ngeorgescuny@theatlantic.com,I
Robinet Scarsbrook,301-451-0363,rscarsbrooknz@multiply.com,Grand Caravan
Kenon Iannazzi,491-638-1184,kiannazzio0@trellian.com,Express 3500
Case Deighan,728-766-4480,cdeighano1@princeton.edu,911
Jacqui Lacaze,660-622-8715,jlacazeo2@seattletimes.com,B-Series
Trev Heskins,641-548-3033,theskinso3@mashable.com,GS
Emmy Stockow,318-273-1986,estockowo4@spiegel.de,Tracker
Merla Hanshawe,822-701-6138,mhanshaweo5@dedecms.com,NX
Heinrik Jovovic,413-929-4278,hjovovico6@guardian.co.uk,V70
Rossy Hancox,900-607-5571,rhancoxo7@npr.org,Tempo
Annabal Jowsey,925-798-4639,ajowseyo8@virginia.edu,S-Type
Belinda Slocom,785-960-0572,bslocomo9@chron.com,Suburban 2500
Reinwald Hachard,428-348-3359,rhachardoa@soup.io,Avanti
Perri Blackall,147-558-9352,pblackallob@craigslist.org,Scoupe
Fields Firidolfi,514-207-0661,ffiridolfioc@sina.com.cn,Caravan
Lusa Barbosa,606-944-0742,lbarbosaod@parallels.com,Range Rover
Barbra Whellams,575-322-0357,bwhellamsoe@artisteer.com,Intrepid
Rubin Pringley,288-773-6240,rpringleyof@so-net.ne.jp,Camry
Stanislaw Gounod,120-842-0312,sgounodog@bizjournals.com,911
Iseabal Blamphin,584-862-5605,iblamphinoh@rakuten.co.jp,Frontier
Bobbette Ladson,577-218-8522,bladsonoi@elegantthemes.com,Sportvan G20
Eamon MacTague,979-467-0052,emactagueoj@indiatimes.com,LeSabre
Pierson Sinderland,745-460-7733,psinderlandok@imageshack.us,RAV4
Cheryl Ciobotaru,235-795-4882,cciobotaruol@livejournal.com,Discovery
Marylin Reinhart,901-190-3452,mreinhartom@fastcompany.com,Cooper
Monro Aldwich,642-240-8739,maldwichon@smh.com.au,Avalon
Dorothee Caven,624-401-4723,dcavenoo@mayoclinic.com,Silverado 3500
Gwyn Von Brook,531-282-4929,gvonop@miibeian.gov.cn,Spectra
Olivier Micheu,310-550-5378,omicheuoq@pen.io,W123
Norma Pawellek,230-676-9694,npawellekor@purevolume.com,CX-7
Jackie Keigher,566-466-8161,jkeigheros@elpais.com,S10
Isidro Rainton,665-150-3593,iraintonot@redcross.org,Montero
Peggi Espino,122-468-0333,pespinoou@usatoday.com,3-Sep
Enid Kenney,753-516-5720,ekenneyov@soundcloud.com,A5
Ania Avramovich,391-388-1487,aavramovichow@is.gd,Safari
Tani Endersby,804-611-1112,tendersbyox@jigsy.com,Eclipse
Vina Portingale,929-308-2914,vportingaleoy@squarespace.com,Civic
Chico Studde,317-940-2774,cstuddeoz@yellowpages.com,Elise
Faun Bohike,886-591-8950,fbohikep0@xinhuanet.com,4Runner
Culver Corris,610-284-9909,ccorrisp1@google.com.au,Ram Van B150
Tiff Lansberry,542-373-1031,tlansberryp2@dailymotion.com,300M
Elisabet Venn,146-276-0362,evennp3@slideshare.net,H3T
Rollins Sheirlaw,296-131-5670,rsheirlawp4@msu.edu,Chariot
Clementius Houson,260-621-0385,chousonp5@reuters.com,Chariot
Burr Stollard,658-282-5565,bstollardp6@bloglines.com,Accent
Dorisa Froud,486-705-7997,dfroudp7@ocn.ne.jp,RS 4
Wes Callow,380-510-9796,wcallowp8@surveymonkey.com,Biturbo
Kessiah Tebb,500-988-0783,ktebbp9@ocn.ne.jp,Continental
Marthena Clynmans,129-628-6959,mclynmanspa@cyberchimps.com,Ram Van 2500
Maureene Collin,903-250-8786,mcollinpb@ibm.com,A6
Arlee Woodwing,763-178-3482,awoodwingpc@adobe.com,G-Class
Kirby Cana,950-922-7508,kcanapd@dailymotion.com,Express 1500
Emmit Bertwistle,422-880-2982,ebertwistlepe@is.gd,Avenger
Rachel Keppe,826-668-5322,rkeppepf@wikimedia.org,Mystique
Jere Baldwin,981-710-2912,jbaldwinpg@ezinearticles.com,525
Jaquelyn Warrier,619-523-8742,jwarrierph@sciencedaily.com,Bronco
Ronnica Vivian,318-539-4782,rvivianpi@businessinsider.com,Eclipse
Marius Matteau,706-379-2741,mmatteaupj@ameblo.jp,Quattroporte
Phillipe Swine,221-378-3982,pswinepk@de.vu,S10
Fawn Flury,413-920-3125,fflurypl@google.com.hk,T100
Cassey MacPhee,548-842-6825,cmacpheepm@cnbc.com,xA
Deanna Fynn,596-288-8681,dfynnpn@dell.com,Sable
Selby McColgan,518-618-0764,smccolganpo@devhub.com,Ram 50
Antin Farbrace,466-194-2398,afarbracepp@fda.gov,Swift
Jemmie Cumo,551-686-5685,jcumopq@dyndns.org,Yukon XL 1500
Reiko Tesdale,778-753-9513,rtesdalepr@fema.gov,A8
Inigo Frankcomb,920-112-8436,ifrankcombps@globo.com,GTO
Lucius Addey,540-425-2874,laddeypt@ehow.com,Esprit
Ab Gourley,248-513-9890,agourleypu@mac.com,FX
King Gianuzzi,804-981-6040,kgianuzzipv@answers.com,Verano
Sheff Cattini,936-166-9524,scattinipw@jimdo.com,Ram
Anastasie Cham,977-313-7477,achampx@mail.ru,GTO
Gilberta Chastenet,310-401-4336,gchastenetpy@unicef.org,Tercel
Jayson Moresby,347-193-6521,jmoresbypz@t-online.de,CLK-Class
Kaye Senecaux,781-895-2380,ksenecauxq0@webnode.com,Econoline E350
Doloritas Bardnam,588-954-7311,dbardnamq1@army.mil,Astro
Maryanna Rihanek,758-911-4758,mrihanekq2@about.me,530
Liz Jeffrey,488-153-3159,ljeffreyq3@infoseek.co.jp,4000CS Quattro
Gregoire Wellesley,383-282-5140,gwellesleyq4@vkontakte.ru,Freestyle
Vivi Pownall,620-227-2387,vpownallq5@hp.com,Ram
Abner Ferraro,710-561-2813,aferraroq6@guardian.co.uk,GranTurismo
Leilah Goodridge,444-494-2368,lgoodridgeq7@4shared.com,Cabriolet
Nero Menichini,763-119-1207,nmenichiniq8@php.net,Murano
Bruno Jubb,192-293-8989,bjubbq9@blog.com,Golf
Hymie Roskilly,825-337-4193,hroskillyqa@trellian.com,Quest
Lars Twinbrow,650-468-6101,ltwinbrowqb@pagesperso-orange.fr,Ipsum
Amerigo Leguey,939-882-2433,alegueyqc@trellian.com,300CE
Guillermo Beste,856-346-2331,gbesteqd@wordpress.com,Corvette
Benny Sleath,676-865-7290,bsleathqe@cbc.ca,3 Series
Cheston Bertelmot,373-901-9106,cbertelmotqf@cbsnews.com,Torrent
Dacy Prott,987-699-7815,dprottqg@nasa.gov,DeVille
Rodolph Mowsdill,287-654-6325,rmowsdillqh@ow.ly,Carrera GT
Stacee Bourcq,803-587-7596,sbourcqqi@squidoo.com,Stratus
Devin Lyons,757-548-0623,dlyonsqj@homestead.com,3500
Laurianne Kislingbury,431-940-4391,lkislingburyqk@thetimes.co.uk,QX
Sibeal Seekings,587-532-2963,sseekingsql@quantcast.com,Tacoma
Nickolai Eldrett,824-998-5725,neldrettqm@bloglines.com,Prizm
Cynthia Anfrey,472-307-3319,canfreyqn@wunderground.com,Grand Cherokee
Bastian Kibbe,983-833-2451,bkibbeqo@com.com,Cooper
Skyler Henriques,760-896-9262,shenriquesqp@fc2.com,Lancer Evolution
Sunshine Absolem,283-785-5241,sabsolemqq@e-recht24.de,Mustang
Bud Cunio,677-945-4397,bcunioqr@java.com,Cavalier
Kristyn Corneil,388-861-7880,kcorneilqs@gov.uk,Prius
Hayyim Haken,297-971-5404,hhakenqt@cam.ac.uk,F350
Ameline Sinnett,956-359-5340,asinnettqu@mapy.cz,D250
Jasen Pawlata,343-477-0353,jpawlataqv@wsj.com,Bravada
Dionysus Elks,328-553-4833,delksqw@si.edu,Liberty
Caren Bartomeu,825-215-3785,cbartomeuqx@t.co,Land Cruiser
Nanete Giaomozzo,351-603-1121,ngiaomozzoqy@soundcloud.com,Eldorado
Uriah Sedgemore,841-109-4819,usedgemoreqz@fema.gov,Taurus X
Damaris Hardan,566-776-6858,dhardanr0@desdev.cn,Quest
Niko Morrel,797-408-1131,nmorrelr1@naver.com,XC60
Lauren Killigrew,723-672-2928,lkilligrewr2@harvard.edu,Diamante
Corri Kirsop,544-298-3188,ckirsopr3@usnews.com,6 Series
Nanice Aseef,802-888-2090,naseefr4@cisco.com,S10
Marianna Hallitt,111-682-2230,mhallittr5@ameblo.jp,M
Jena Dee,849-295-5888,jdeer6@dmoz.org,Pathfinder Armada
Freda Arnecke,950-849-4241,farnecker7@wp.com,Sidekick
Renado Urquhart,465-902-6678,rurquhartr8@fema.gov,G-Series 1500
Gauthier Conley,523-191-7275,gconleyr9@gnu.org,Neon
Lorry Acomb,497-784-2701,lacombra@ustream.tv,G-Class
Benn Doman,337-803-5246,bdomanrb@shareasale.com,Park Avenue
Henderson Maskelyne,425-520-8353,hmaskelynerc@wp.com,Sebring
Corena Tullot,210-472-7784,ctullotrd@mtv.com,Fiero
Essy Petherick,161-237-8894,epetherickre@fc2.com,940
Ilene Ellins,211-554-6032,iellinsrf@yahoo.co.jp,Grand Prix
Benjie Biscomb,972-517-0804,bbiscombrg@mit.edu,Ridgeline
Joye Lammas,127-413-1571,jlammasrh@dmoz.org,Dakota Club
Kippar Trank,373-555-5115,ktrankri@twitpic.com,Sebring
Israel Prangnell,291-707-9384,iprangnellrj@delicious.com,F-Series Super Duty
Inger Studholme,575-255-3442,istudholmerk@sitemeter.com,929
Lonny Cazin,587-543-1704,lcazinrl@homestead.com,NV2500
Chrisy McRae,630-168-5700,cmcraerm@boston.com,Thunderbird
Bondy Allum,727-170-4284,ballumrn@mozilla.org,3500
Estevan Baggalley,334-460-9138,ebaggalleyro@mapy.cz,Mustang
Katha Berrisford,601-170-0948,kberrisfordrp@themeforest.net,Envoy
Jordan Bosward,371-531-6564,jboswardrq@chicagotribune.com,Tracer
Westbrook Presser,613-955-7849,wpresserrr@vkontakte.ru,F150